patient_id,patient_name,nhs_number,department,age,los_days,treatment_cost
PT000000,Wei Kowalski,864 101 7190,Pediatrics,21,29,10460.94
PT000001,Mohammed Khan,143 398 1100,ER,80,18,7979.86
PT000002,Mohammed Garcia,914 599 5992,ER,15,3,2952.08
PT000003,Mohammed Tanaka,299 834 5595,Oncology,78,7,2107.1
PT000004,Sofia Ali,342 288 9624,Neurology,10,38,4206.55
PT000005,Mei Garcia,504 890 1661,Orthopedics,63,1,8843.96
PT000006,Mei Andersson,288 479 6077,Cardiology,90,39,3885.97
PT000007,Fatima Okafor,283 267 2404,Oncology,28,31,4608.13
PT000008,Priya Silva,279 909 3393,Pediatrics,8,0,8117.64
PT000009,Liam Rossi,895 972 5929,Oncology,38,23,9676.42
PT000010,Carlos Ali,126 445 5977,Neurology,91,22,264.12
PT000011,Priya Patel,370 194 6987,Pediatrics,85,6,3381.83
PT000012,Fatima Ali,486 947 1557,Pediatrics,20,14,11128.55
PT000013,Noah Brown,176 843 1073,Cardiology,67,33,3111.75
PT000014,Mei Garcia,213 967 9702,Neurology,76,39,4017.05
PT000015,Mary Chen,320 954 8046,Oncology,58,23,1452.03
PT000016,Mary Patel,408 347 2803,Orthopedics,15,33,2609.21
PT000017,Mei Ahmed,456 858 7775,Neurology,66,33,10347.57
PT000018,Carlos Smith,168 577 9144,Oncology,61,28,10200.87
PT000019,Wei Nguyen,563 949 5303,ER,70,9,2833.34
PT000020,Hannah Kowalski,496 645 2013,Neurology,16,24,1001.05
PT000021,James Silva,132 437 3762,Neurology,70,21,6875.81
PT000022,James Silva,563 763 9352,ER,4,23,8323.56
PT000023,Priya Garcia,775 240 1500,Orthopedics,71,20,6904.04
PT000024,Liam Patel,775 930 8424,Neurology,36,27,12218.15
PT000025,Noah Khan,608 550 3999,Neurology,70,7,18515.19
PT000026,Yuki Khan,444 697 7155,ER,21,26,1761.08
PT000027,Hannah Smith,844 888 5147,ER,80,39,12598.7
PT000028,Mary Rossi,651 617 1540,Orthopedics,71,21,3230.16
PT000029,Priya Garcia,395 395 2442,Neurology,69,8,4756.51
PT000030,Noah Nguyen,725 944 5551,Orthopedics,14,17,1632.69
PT000031,Aisha Ali,846 384 6342,Cardiology,0,31,561.92
PT000032,Aisha Chen,839 352 2537,Neurology,33,36,2286.22
PT000033,Yuki Garcia,482 727 8136,ER,61,11,8141.01
PT000034,Olu Andersson,925 327 6059,Pediatrics,24,22,1211.69
PT000035,Fatima Rossi,632 103 9492,Orthopedics,8,28,10218.54
PT000036,Noah Nguyen,135 484 4660,Orthopedics,68,13,9292.37
PT000037,Hannah Khan,359 532 5619,Orthopedics,5,0,2676.5
PT000038,Olu Patel,865 616 4860,Cardiology,17,9,1389.82
PT000039,Priya Chen,400 642 4131,ER,94,16,2119.3
PT000040,Fatima Khan,895 901 7299,Cardiology,23,21,34203.37
PT000041,Hannah Garcia,110 164 3052,Pediatrics,60,32,944.38
PT000042,Sofia Ahmed,719 569 6290,ER,20,25,6371.75
PT000043,Hannah Silva,491 468 8725,Pediatrics,24,13,1155.74
PT000044,Ivan Patel,467 544 1891,Orthopedics,23,31,5088.58
PT000045,Fatima Kowalski,377 942 3895,Oncology,28,0,4605.63
PT000046,Ivan Nguyen,954 750 6131,Orthopedics,75,26,8244.03
PT000047,Noah Smith,964 758 9839,Neurology,34,8,561.5
PT000048,Noah Andersson,980 454 4224,Orthopedics,66,34,4601.59
PT000049,Mohammed Silva,702 931 2772,Orthopedics,53,6,2494.02
PT000050,Hannah Khan,715 930 9704,Neurology,20,15,3523.25
PT000051,Hannah Nguyen,122 966 5456,Orthopedics,45,20,7054.79
PT000052,Ivan Khan,977 495 8543,Oncology,28,2,3040.87
PT000053,Ivan Kowalski,127 849 9031,Oncology,16,28,2057.59
PT000054,Carlos Patel,582 491 1009,Orthopedics,36,8,6906.26
PT000055,James Chen,132 364 3908,Orthopedics,19,8,4011.17
PT000056,Ivan Garcia,663 882 1253,ER,50,7,5280.06
PT000057,Ivan Smith,171 296 8897,Neurology,4,20,4491.83
PT000058,Ivan Tanaka,338 622 9614,Pediatrics,23,36,4470.74
PT000059,Carlos Rossi,339 948 6228,Pediatrics,84,34,12881.14
PT000060,Hannah Andersson,583 497 5020,ER,91,2,611.07
PT000061,Carlos Nguyen,447 415 3049,Pediatrics,35,34,7426.45
PT000062,Fatima Garcia,145 969 8789,ER,38,8,9371.01
PT000063,Wei Smith,876 643 4708,Cardiology,7,8,6973.81
PT000064,Mei Nguyen,628 523 3881,Pediatrics,65,35,17747.3
PT000065,Mei Ali,868 684 5280,Cardiology,87,25,1102.18
PT000066,James Kowalski,805 775 2110,ER,37,10,1031.63
PT000067,Mary Andersson,100 944 9137,Cardiology,31,16,1952.38
PT000068,Wei Garcia,164 209 3344,Oncology,50,32,9667.52
PT000069,Wei Tanaka,576 704 1192,Neurology,92,34,6788.84
PT000070,Mei Andersson,668 708 6972,Cardiology,35,37,3085.47
PT000071,Yuki Ahmed,455 429 1147,ER,71,19,6326.75
PT000072,Hannah Nguyen,659 753 2963,Pediatrics,26,34,2603.83
PT000073,Mei Silva,914 115 4485,Oncology,97,10,9416.47
PT000074,James Silva,605 761 3806,Pediatrics,49,12,6633.78
PT000075,Priya Okafor,858 330 9287,Neurology,90,21,4425.3
PT000076,Sofia Patel,781 945 6401,Pediatrics,78,11,3213.26
PT000077,Ivan Tanaka,987 188 6262,Orthopedics,62,34,2574.03
PT000078,Olu Patel,243 926 2477,Orthopedics,16,19,3009.84
PT000079,Noah Ahmed,910 736 3765,ER,27,29,1352.81
PT000080,Mohammed Chen,270 403 3313,ER,69,10,12730.21
PT000081,Carlos Kowalski,820 459 6086,Cardiology,56,25,5050.57
PT000082,Liam Patel,652 316 9438,ER,79,34,2515.92
PT000083,Fatima Rossi,401 301 9607,Neurology,88,9,325.95
PT000084,Yuki Silva,700 190 4986,Cardiology,48,0,5395.45
PT000085,Yuki Nguyen,584 236 4547,ER,55,21,13110.94
PT000086,Hannah Rossi,896 479 9007,Orthopedics,80,2,21681.76
PT000087,Yuki Nguyen,907 251 6797,Neurology,80,38,2277.18
PT000088,Mary Silva,638 922 2269,Orthopedics,60,16,4238.44
PT000089,Olu Brown,952 109 9681,Neurology,82,20,2252.57
PT000090,Yuki Chen,113 638 9831,Pediatrics,78,31,4693.48
PT000091,Aisha Nguyen,938 523 5790,Orthopedics,84,31,3298.29
PT000092,Liam Smith,724 130 4082,Orthopedics,69,26,13038.63
PT000093,Noah Rossi,372 359 1793,Cardiology,36,35,5790.68
PT000094,Mei Brown,144 194 5340,Cardiology,71,38,13464.65
PT000095,Priya Andersson,652 722 2281,Pediatrics,87,10,8325.48
PT000096,James Ali,426 740 1866,Neurology,18,31,13537.6
PT000097,Carlos Tanaka,749 556 5274,Neurology,84,12,2768.38
PT000098,Fatima Brown,639 536 1483,Cardiology,87,0,4204.97
PT000099,Sofia Rossi,108 360 8620,Oncology,56,18,6592.07
PT000100,Mei Khan,578 194 1314,Cardiology,64,39,4354.77
PT000101,Fatima Brown,256 279 3356,Cardiology,82,12,4219.83
PT000102,Sofia Chen,426 646 8624,Pediatrics,21,22,3542.9
PT000103,Hannah Nguyen,844 618 7047,Orthopedics,55,2,5614.78
PT000104,Mei Patel,428 678 1299,Neurology,85,20,2247.74
PT000105,Priya Patel,900 842 4760,Pediatrics,39,4,6979.86
PT000106,Hannah Okafor,453 898 7713,Pediatrics,54,15,12368.83
PT000107,Liam Tanaka,274 683 2528,Pediatrics,82,6,6460.9
PT000108,Noah Kowalski,618 802 5596,Cardiology,74,19,6210.96
PT000109,Noah Ali,789 202 1645,Neurology,22,8,13186.86
PT000110,Carlos Ali,664 710 9636,Neurology,47,18,879.15
PT000111,James Smith,366 787 7186,ER,73,35,9495.67
PT000112,Wei Chen,437 306 6458,Oncology,17,25,8895.73
PT000113,Fatima Nguyen,389 297 4325,ER,68,10,2205.24
PT000114,Mary Silva,837 102 4280,Neurology,90,23,7719.32
PT000115,Aisha Rossi,755 819 2638,Orthopedics,86,14,867.53
PT000116,Liam Ali,778 332 8006,ER,30,4,1912.26
PT000117,Sofia Brown,559 253 6587,Neurology,85,14,7517.98
PT000118,James Rossi,105 747 4747,Pediatrics,44,17,7161.62
PT000119,Noah Nguyen,477 903 7217,Cardiology,44,30,2260.83
PT000120,Priya Ahmed,599 631 7902,Cardiology,68,8,3183.92
PT000121,Yuki Ahmed,121 755 4292,Oncology,35,31,4712.17
PT000122,Priya Chen,495 484 2384,Pediatrics,90,10,3829.34
PT000123,Sofia Okafor,416 172 5432,ER,29,14,5602.17
PT000124,Ivan Patel,587 823 5878,Oncology,66,19,8338.52
PT000125,Carlos Brown,667 126 2765,Neurology,5,3,2723.36
PT000126,Mary Rossi,906 386 8424,Oncology,3,26,3571.67
PT000127,Noah Ahmed,737 886 8563,Pediatrics,28,22,3351.74
PT000128,Aisha Andersson,470 539 6354,Pediatrics,59,37,5125.64
PT000129,Sofia Garcia,250 919 4576,Neurology,86,38,4106.8
PT000130,Mei Khan,488 992 1733,Neurology,22,17,3299.37
PT000131,Mary Nguyen,804 734 9587,Neurology,28,35,3130.63
PT000132,Ivan Rossi,931 433 9254,Cardiology,46,36,833.12
PT000133,Priya Brown,261 750 3269,Orthopedics,11,24,3351.22
PT000134,Hannah Brown,515 513 4041,Cardiology,2,6,5335.51
PT000135,Liam Chen,664 395 6887,Oncology,80,38,4586.85
PT000136,Mei Nguyen,646 420 3220,Oncology,66,6,19823.51
PT000137,Mohammed Patel,982 336 4640,Oncology,67,31,4638.4
PT000138,Yuki Ahmed,966 347 5323,Orthopedics,44,21,4143.62
PT000139,Hannah Okafor,229 394 3494,Oncology,15,31,12154.29
PT000140,Wei Okafor,210 404 7435,Pediatrics,23,14,7556.9
PT000141,Ivan Rossi,545 976 2477,Oncology,1,8,740.82
PT000142,Noah Silva,819 355 4334,Oncology,19,36,3212.26
PT000143,Mohammed Andersson,921 743 5929,Pediatrics,65,6,6084.03
PT000144,Fatima Chen,191 992 5920,Cardiology,20,37,4709.25
PT000145,Carlos Ahmed,308 916 6408,Pediatrics,23,26,5081.56
PT000146,Liam Andersson,625 993 5277,Orthopedics,24,32,764.58
PT000147,Sofia Nguyen,379 360 2192,Cardiology,34,18,10752.6
PT000148,Aisha Chen,720 517 7688,ER,80,27,523.72
PT000149,Fatima Brown,594 107 8375,ER,53,26,4960.54
PT000150,Noah Silva,799 898 8474,Pediatrics,25,24,6369.89
PT000151,Olu Smith,210 780 4157,Pediatrics,90,6,7945.43
PT000152,Mohammed Ahmed,931 847 2104,Neurology,64,10,3308.94
PT000153,Aisha Nguyen,983 596 5370,Oncology,65,16,4950.95
PT000154,Mary Smith,694 288 1738,Pediatrics,60,8,2395.17
PT000155,Carlos Khan,513 376 2664,Cardiology,35,33,2579.44
PT000156,Liam Okafor,415 106 4277,Oncology,62,15,7255.7
PT000157,Hannah Andersson,977 763 3849,Orthopedics,44,33,8795.39
PT000158,Noah Ahmed,924 320 3534,Orthopedics,44,17,7959.18
PT000159,Ivan Smith,574 344 5320,Cardiology,28,20,14239.21
PT000160,Yuki Smith,353 227 7177,Cardiology,67,26,3477.57
PT000161,Olu Andersson,704 366 3518,Neurology,48,0,17276.42
PT000162,Olu Khan,293 420 2308,Cardiology,22,12,6357.88
PT000163,Priya Patel,186 321 4483,Cardiology,61,8,3496.84
PT000164,Carlos Smith,543 923 7231,Oncology,70,26,18180.99
PT000165,Ivan Patel,475 688 7384,Oncology,69,16,9897.29
PT000166,Mohammed Garcia,187 506 4003,Orthopedics,76,29,4510.31
PT000167,Aisha Andersson,381 241 8258,Oncology,71,9,11998.85
PT000168,Noah Rossi,807 534 7145,Oncology,32,17,3539.55
PT000169,Mohammed Patel,774 229 3251,Neurology,72,29,2144.88
PT000170,Yuki Andersson,280 361 5126,Oncology,42,23,6581.47
PT000171,Mei Patel,221 229 7784,Oncology,14,6,3506.99
PT000172,Yuki Kowalski,173 300 7082,Oncology,84,4,4800.3
PT000173,Mei Okafor,974 847 6691,Orthopedics,6,1,1950.87
PT000174,Priya Ahmed,623 933 6319,Orthopedics,66,4,5482.19
PT000175,James Andersson,156 553 3583,Cardiology,26,15,7217.53
PT000176,Noah Silva,404 508 2040,Pediatrics,31,39,6082.98
PT000177,Priya Andersson,318 573 5732,Oncology,17,11,1186.07
PT000178,Mei Patel,835 750 3602,Oncology,9,13,11352.93
PT000179,Yuki Okafor,279 846 1158,ER,65,31,7941.82
PT000180,Hannah Andersson,904 486 2456,Neurology,2,24,10518.09
PT000181,Aisha Ali,665 886 4372,Oncology,34,30,3884.47
PT000182,Aisha Khan,233 788 9988,Cardiology,52,26,1969.36
PT000183,Wei Brown,283 868 9690,Pediatrics,67,24,5475.1
PT000184,Hannah Smith,976 438 3510,Neurology,14,17,6951.12
PT000185,Yuki Kowalski,961 935 3249,Oncology,20,17,21557.74
PT000186,James Rossi,304 834 1369,Pediatrics,94,20,15776.03
PT000187,Ivan Okafor,435 987 6188,Neurology,44,14,1661.94
PT000188,Mohammed Okafor,459 980 7593,Oncology,96,26,2502.86
PT000189,Sofia Brown,268 643 9392,Oncology,69,25,6835.37
PT000190,Liam Ali,656 689 2282,Orthopedics,72,27,2675.77
PT000191,Wei Tanaka,967 600 9512,Cardiology,42,10,3707.78
PT000192,Carlos Smith,296 839 2841,Neurology,43,13,3275.67
PT000193,Mohammed Nguyen,339 924 4067,Oncology,83,19,8074.66
PT000194,Carlos Chen,909 959 8734,Cardiology,95,18,5211.57
PT000195,Wei Khan,385 802 5848,Neurology,57,32,5042.48
PT000196,Fatima Smith,246 873 6663,Cardiology,31,11,6270.48
PT000197,Yuki Garcia,558 414 1872,Neurology,74,37,7920.5
PT000198,Mary Kowalski,513 864 1462,Neurology,73,22,14314.28
PT000199,James Tanaka,848 593 9212,Oncology,10,33,10183.12
PT000200,Fatima Smith,201 677 7508,Cardiology,87,5,16130.17
PT000201,Mohammed Brown,625 626 5217,Cardiology,68,33,12285.81
PT000202,Aisha Nguyen,381 337 3756,Pediatrics,84,14,1647.55
PT000203,James Silva,354 822 8142,Cardiology,36,13,9527.06
PT000204,Hannah Ali,503 989 8821,Neurology,7,30,8639.56
PT000205,Priya Smith,220 139 7647,Oncology,57,19,6373.5
PT000206,Aisha Silva,822 584 3992,Cardiology,81,28,9970.07
PT000207,Sofia Okafor,138 958 9532,ER,13,25,10319.74
PT000208,Priya Ali,470 212 4975,Neurology,5,8,6133.67
PT000209,Noah Garcia,233 102 2478,Cardiology,5,35,23688.71
PT000210,Ivan Chen,173 781 9025,Orthopedics,49,6,14165.34
PT000211,Yuki Kowalski,771 333 6890,Cardiology,37,4,490.51
PT000212,Hannah Khan,857 242 5259,Orthopedics,89,19,3877.4
PT000213,Priya Chen,597 262 7062,Oncology,92,21,864.56
PT000214,Carlos Chen,793 231 2706,Orthopedics,69,2,2887.99
PT000215,Mei Tanaka,442 901 3100,Orthopedics,78,9,2444.44
PT000216,Olu Khan,938 284 8549,Cardiology,3,2,3279.16
PT000217,Wei Patel,139 515 4933,Neurology,57,13,4623.61
PT000218,Mohammed Garcia,710 978 1110,Oncology,1,11,11947.22
PT000219,Fatima Tanaka,164 565 2966,Cardiology,30,20,5637.05
PT000220,Yuki Khan,548 246 1865,Neurology,96,33,1613.69
PT000221,Liam Smith,716 617 6033,Neurology,94,30,5354.09
PT000222,James Okafor,996 837 8369,Pediatrics,97,28,1133.95
PT000223,Mary Patel,633 930 9227,Oncology,32,24,10500.84
PT000224,Yuki Kowalski,312 468 6830,ER,51,16,1983.91
PT000225,Carlos Brown,401 181 9064,ER,60,19,6255.71
PT000226,Mei Garcia,352 378 6996,ER,33,27,2256.42
PT000227,Aisha Brown,416 822 7381,Neurology,63,33,4015.05
PT000228,Priya Tanaka,747 194 5257,Oncology,49,14,10557.85
PT000229,Hannah Ali,907 692 5486,Cardiology,48,37,7717.79
PT000230,Mei Andersson,688 152 8449,Oncology,5,21,4036.34
PT000231,Mary Okafor,701 884 6144,Pediatrics,69,2,1055.0
PT000232,Hannah Rossi,782 921 8972,ER,61,6,4116.72
PT000233,Liam Khan,470 838 4806,Neurology,5,35,1276.77
PT000234,Ivan Tanaka,212 142 4452,Oncology,25,3,7707.92
PT000235,Hannah Nguyen,219 952 2058,Cardiology,49,19,4245.64
PT000236,Fatima Chen,516 933 1669,Cardiology,83,27,11466.62
PT000237,Liam Brown,698 853 3869,Neurology,10,16,6773.54
PT000238,Yuki Kowalski,218 340 3686,Oncology,22,26,13382.78
PT000239,Sofia Silva,273 284 1125,Neurology,17,25,4630.19
PT000240,Sofia Andersson,866 819 5279,Cardiology,72,22,2921.8
PT000241,Sofia Chen,198 793 2815,Pediatrics,32,16,6449.77
PT000242,Mei Khan,481 979 3235,ER,58,12,10882.73
PT000243,Fatima Patel,263 119 2887,Neurology,90,9,5577.01
PT000244,Noah Ali,604 514 8941,ER,4,30,2858.01
PT000245,Ivan Patel,345 626 5015,Pediatrics,42,27,14879.37
PT000246,James Smith,265 777 2390,ER,36,28,1542.56
PT000247,James Khan,547 738 6269,ER,95,9,4985.96
PT000248,Priya Tanaka,777 238 8048,ER,32,21,1138.86
PT000249,Wei Brown,172 717 8691,ER,44,39,10627.78
PT000250,Hannah Brown,172 839 8880,ER,24,21,2067.45
PT000251,Mohammed Okafor,630 772 3130,ER,54,30,2433.47
PT000252,Hannah Khan,397 544 6910,Orthopedics,65,16,3205.08
PT000253,Mei Okafor,345 962 8520,Pediatrics,41,20,5877.88
PT000254,Mohammed Tanaka,554 861 8487,ER,9,6,7267.72
PT000255,Carlos Rossi,901 174 4949,Neurology,74,30,6798.51
PT000256,Hannah Rossi,283 563 4705,Orthopedics,52,3,2656.65
PT000257,Wei Chen,458 125 2427,ER,24,36,447.3
PT000258,Sofia Kowalski,826 673 3087,Orthopedics,9,36,2038.47
PT000259,Sofia Kowalski,674 415 3795,Pediatrics,11,3,3193.0
PT000260,Mary Tanaka,914 860 7447,Oncology,82,14,1514.09
PT000261,Mary Rossi,910 733 6663,Orthopedics,93,30,1192.83
PT000262,Sofia Andersson,323 381 6805,Pediatrics,7,1,16621.6
PT000263,Aisha Andersson,281 822 1542,Pediatrics,74,9,5105.59
PT000264,Yuki Smith,278 462 5254,Oncology,19,7,797.92
PT000265,Fatima Brown,921 223 2698,ER,88,25,4945.84
PT000266,Mohammed Andersson,487 622 8479,Pediatrics,16,7,2887.4
PT000267,Noah Brown,545 368 8171,ER,61,36,11384.5
PT000268,Sofia Nguyen,734 843 7314,ER,66,30,3545.98
PT000269,Mary Andersson,741 708 7776,Oncology,42,26,562.93
PT000270,Aisha Brown,362 271 7928,Oncology,26,32,3746.49
PT000271,Aisha Chen,996 265 2316,Pediatrics,56,26,1819.48
PT000272,Mohammed Ali,158 630 2530,Orthopedics,82,6,1967.9
PT000273,Sofia Chen,462 758 4595,Oncology,78,32,1928.55
PT000274,Mohammed Ali,203 504 7579,Neurology,57,23,7962.08
PT000275,Hannah Tanaka,703 728 3812,Orthopedics,89,29,1104.54
PT000276,Carlos Rossi,815 909 7426,Cardiology,3,35,527.57
PT000277,Olu Chen,735 648 3579,Oncology,3,19,6929.32
PT000278,Mary Nguyen,851 705 4815,Orthopedics,31,33,8629.37
PT000279,Mary Nguyen,346 280 7685,Pediatrics,29,29,6249.28
PT000280,Fatima Rossi,844 413 2548,Oncology,68,17,10137.12
PT000281,Hannah Smith,190 926 5174,Pediatrics,27,34,5195.45
PT000282,Olu Ali,940 535 7160,Neurology,24,10,16541.53
PT000283,Hannah Andersson,588 564 8671,Oncology,96,17,5910.24
PT000284,Mei Andersson,554 829 4224,ER,94,0,4449.09
PT000285,Liam Nguyen,216 179 1895,Cardiology,2,37,1983.63
PT000286,Ivan Khan,997 105 1115,Cardiology,18,11,12394.2
PT000287,Noah Silva,334 100 9505,Cardiology,55,12,2410.17
PT000288,Wei Khan,788 488 7672,ER,66,6,1466.28
PT000289,Fatima Chen,153 991 3157,ER,0,25,1107.99
PT000290,Mary Khan,198 338 2494,ER,85,29,10371.72
PT000291,Noah Khan,790 372 8980,Orthopedics,60,23,2187.0
PT000292,Fatima Smith,517 742 4448,Cardiology,62,36,911.62
PT000293,Wei Nguyen,524 836 2249,Oncology,14,39,17285.47
PT000294,Ivan Garcia,853 919 2522,Neurology,97,35,8158.82
PT000295,Hannah Chen,700 132 1322,Neurology,1,15,8476.28
PT000296,Wei Andersson,721 946 1762,Orthopedics,34,25,526.08
PT000297,Carlos Smith,391 506 9725,Pediatrics,43,7,6817.8
PT000298,James Silva,339 774 6879,Neurology,55,30,874.07
PT000299,Liam Garcia,623 371 6978,Oncology,3,28,1157.7
PT000300,Noah Khan,215 676 9726,Cardiology,73,3,4333.64
PT000301,Olu Kowalski,139 680 7026,Pediatrics,9,33,5605.83
PT000302,Hannah Andersson,917 922 6952,Cardiology,97,33,11864.44
PT000303,Mohammed Okafor,969 723 4988,Pediatrics,42,15,7442.5
PT000304,Wei Kowalski,212 714 7545,Cardiology,52,14,2358.59
PT000305,Olu Chen,475 651 6987,Cardiology,75,39,840.68
PT000306,Hannah Ali,419 613 2083,Pediatrics,11,15,919.2
PT000307,Ivan Chen,938 208 1085,Neurology,52,34,5628.39
PT000308,Mary Tanaka,107 123 8064,Cardiology,46,10,4447.83
PT000309,Sofia Garcia,193 523 4668,Orthopedics,17,18,13142.74
PT000310,Hannah Khan,522 612 3153,Pediatrics,12,36,4295.36
PT000311,Ivan Tanaka,438 441 2613,Orthopedics,11,3,8255.75
PT000312,Sofia Andersson,201 482 8652,Cardiology,65,23,4437.3
PT000313,Yuki Ahmed,684 905 7283,Pediatrics,41,34,620.06
PT000314,Carlos Tanaka,288 681 6468,Neurology,20,1,6206.88
PT000315,Yuki Khan,609 782 5235,Oncology,58,11,9161.03
PT000316,James Kowalski,720 919 2478,ER,82,14,6306.3
PT000317,Fatima Andersson,578 174 4697,Oncology,83,1,1940.92
PT000318,Wei Ali,639 673 1795,ER,86,17,2292.06
PT000319,Liam Okafor,517 199 1115,Oncology,55,1,12925.4
PT000320,Sofia Ali,468 660 2496,Oncology,23,38,3993.71
PT000321,Fatima Okafor,835 815 1292,ER,53,29,1212.78
PT000322,Fatima Smith,447 987 1298,Cardiology,21,11,5827.09
PT000323,Wei Patel,129 326 5519,Neurology,75,32,5663.74
PT000324,Priya Andersson,710 355 9950,Neurology,69,26,9765.1
PT000325,Hannah Tanaka,908 598 1211,Orthopedics,40,23,5401.13
PT000326,Carlos Khan,136 551 5693,Cardiology,73,34,4226.94
PT000327,Mohammed Garcia,332 760 7664,Cardiology,60,4,4728.74
PT000328,Mohammed Okafor,628 530 6601,Cardiology,57,8,4670.18
PT000329,Noah Silva,398 367 2647,Pediatrics,6,21,7918.42
PT000330,Olu Khan,529 525 9401,Neurology,40,9,1427.5
PT000331,Sofia Khan,501 683 3853,Pediatrics,10,38,17947.47
PT000332,Noah Andersson,455 381 8060,Oncology,23,37,3624.04
PT000333,Carlos Khan,809 295 7054,Neurology,92,37,6920.43
PT000334,Mei Patel,554 523 1961,Pediatrics,43,7,5456.93
PT000335,Carlos Nguyen,210 271 1656,Cardiology,37,19,7573.62
PT000336,Olu Tanaka,835 809 5532,Pediatrics,29,6,12297.59
PT000337,Aisha Tanaka,835 384 3418,Cardiology,47,0,11426.16
PT000338,Mei Brown,144 960 3355,Cardiology,61,35,4581.46
PT000339,Mohammed Patel,370 911 6141,Neurology,45,32,3093.11
PT000340,Mohammed Garcia,727 111 7440,Neurology,1,37,1946.63
PT000341,Wei Garcia,770 103 3466,Orthopedics,5,28,1268.16
PT000342,Mary Ali,235 722 6816,Pediatrics,51,11,4882.3
PT000343,Liam Brown,426 740 9434,Orthopedics,3,15,12156.42
PT000344,Mary Smith,338 446 8751,Orthopedics,10,4,7296.36
PT000345,Priya Garcia,269 346 9076,ER,34,16,7056.18
PT000346,Olu Silva,833 483 4413,Oncology,29,15,1870.52
PT000347,Olu Garcia,402 676 2272,Oncology,90,38,8697.04
PT000348,Hannah Patel,533 934 3832,Neurology,42,12,9166.97
PT000349,Liam Khan,196 254 3973,Orthopedics,71,6,5851.84
PT000350,Mei Khan,247 666 5286,Oncology,35,38,7544.97
PT000351,Noah Rossi,542 233 2975,Oncology,28,32,5132.37
PT000352,Olu Smith,160 926 6526,Pediatrics,59,18,6105.76
PT000353,Mohammed Smith,347 181 2896,Oncology,78,13,1712.34
PT000354,Noah Silva,658 466 6601,Cardiology,13,39,5001.88
PT000355,Liam Nguyen,966 243 8294,Cardiology,14,28,9597.81
PT000356,Aisha Brown,690 810 3778,Neurology,48,17,3273.66
PT000357,Hannah Smith,524 731 1103,Orthopedics,78,38,5201.77
PT000358,Priya Rossi,588 951 1155,Cardiology,80,31,1465.14
PT000359,Carlos Ali,577 691 5985,Orthopedics,97,2,8856.4
PT000360,Mary Kowalski,941 564 1773,Neurology,2,9,3141.65
PT000361,Fatima Patel,697 559 2289,Pediatrics,52,13,2988.56
PT000362,James Khan,872 840 1053,Neurology,25,26,4430.0
PT000363,Sofia Patel,228 590 9897,Cardiology,61,31,2450.32
PT000364,Noah Rossi,244 952 5921,ER,86,1,360.32
PT000365,Mary Andersson,573 288 4223,Pediatrics,51,30,5310.97
PT000366,Fatima Rossi,675 374 5935,Neurology,85,26,4023.5
PT000367,Carlos Tanaka,491 219 5264,Neurology,92,21,2673.95
PT000368,Priya Patel,760 213 6908,Cardiology,2,14,9438.63
PT000369,James Garcia,310 222 6170,Oncology,89,9,997.22
PT000370,Wei Silva,886 357 5809,Cardiology,45,9,4609.09
PT000371,Hannah Tanaka,867 306 3160,Oncology,26,34,7847.82
PT000372,Mohammed Chen,893 336 7899,ER,77,24,1611.19
PT000373,Mei Andersson,605 404 7403,Orthopedics,54,20,1742.56
PT000374,Mei Smith,166 863 2576,Pediatrics,24,9,4704.0
PT000375,Mohammed Silva,449 734 2788,Oncology,60,15,11426.12
PT000376,Liam Silva,416 282 1511,Oncology,70,13,9061.85
PT000377,Aisha Silva,661 601 9036,ER,37,35,1938.46
PT000378,Yuki Rossi,791 395 1999,Oncology,54,21,5584.97
PT000379,Wei Okafor,354 758 9766,Neurology,75,32,1614.9
PT000380,Priya Tanaka,419 861 3529,Cardiology,27,5,3693.57
PT000381,James Khan,671 908 6491,Cardiology,94,34,3249.8
PT000382,Fatima Ali,844 780 7218,ER,25,29,2880.88
PT000383,Mary Garcia,648 323 1083,ER,0,26,3062.77
PT000384,Olu Ali,870 956 7300,Oncology,93,25,2402.62
PT000385,Mei Ahmed,238 643 7302,Oncology,65,22,970.62
PT000386,James Rossi,899 980 7458,Cardiology,73,35,17029.18
PT000387,Aisha Nguyen,336 843 5906,Oncology,45,20,7690.28
PT000388,Ivan Garcia,336 463 9902,Neurology,89,11,10135.35
PT000389,Mohammed Silva,234 110 6511,Orthopedics,24,22,8162.37
PT000390,Hannah Rossi,727 143 8967,Neurology,21,22,9535.62
PT000391,Sofia Ali,322 116 9226,Orthopedics,69,27,214.2
PT000392,Mei Tanaka,889 338 3721,Cardiology,13,16,956.43
PT000393,Mohammed Khan,950 436 9642,Oncology,59,29,6935.19
PT000394,Olu Andersson,766 966 2579,Neurology,70,6,4594.95
PT000395,Sofia Chen,818 126 4171,ER,32,27,8062.85
PT000396,Hannah Ahmed,446 466 1175,Orthopedics,25,9,3158.01
PT000397,Hannah Ahmed,624 590 5902,Orthopedics,49,38,4357.7
PT000398,Mary Smith,712 400 6393,Neurology,36,16,7828.11
PT000399,Ivan Kowalski,213 853 5064,Orthopedics,78,8,8459.03
PT000400,Aisha Ali,672 862 2603,Oncology,12,6,6146.22
PT000401,Mary Okafor,123 416 3012,Neurology,2,24,4048.01
PT000402,James Rossi,226 867 1066,Cardiology,85,9,4920.29
PT000403,Mei Ahmed,600 708 9460,Cardiology,25,15,12135.1
PT000404,Mary Khan,193 504 4555,ER,37,6,3014.01
PT000405,Mohammed Ahmed,412 183 6311,Pediatrics,66,22,1965.13
PT000406,Carlos Smith,815 472 7907,Oncology,88,21,9762.32
PT000407,Mary Okafor,414 177 8168,Orthopedics,88,13,1629.21
PT000408,Liam Brown,651 875 8344,Orthopedics,30,18,7147.55
PT000409,Liam Garcia,169 102 8400,ER,58,10,8366.73
PT000410,Ivan Chen,890 525 5428,Oncology,9,12,7904.23
PT000411,Noah Khan,485 608 6937,Oncology,19,26,4834.93
PT000412,Mary Nguyen,758 933 9873,Orthopedics,41,20,1326.12
PT000413,Mohammed Patel,847 985 9861,Orthopedics,23,3,3291.5
PT000414,Noah Patel,872 917 3407,ER,9,19,2447.37
PT000415,Liam Garcia,860 373 8200,Orthopedics,86,31,5276.41
PT000416,Olu Chen,667 899 2261,Oncology,83,36,1474.82
PT000417,Priya Brown,112 278 1817,Neurology,23,6,4045.32
PT000418,Hannah Khan,128 914 3534,Oncology,37,32,4175.81
PT000419,Noah Rossi,964 957 8159,Oncology,44,0,4129.19
PT000420,James Andersson,939 476 9138,ER,67,24,7605.79
PT000421,Fatima Andersson,574 743 3022,Orthopedics,56,7,6136.94
PT000422,Hannah Rossi,612 322 3430,Neurology,58,2,576.57
PT000423,Mei Kowalski,448 158 9257,Orthopedics,64,36,6535.98
PT000424,Yuki Patel,233 177 7734,Oncology,28,1,10130.65
PT000425,Fatima Okafor,316 113 3940,Orthopedics,62,3,4144.21
PT000426,Mohammed Kowalski,111 212 8184,Oncology,41,22,3447.56
PT000427,Priya Kowalski,804 217 9875,Cardiology,80,19,3899.88
PT000428,Olu Rossi,483 515 4125,ER,84,37,2903.59
PT000429,Mei Kowalski,459 957 6680,ER,80,21,15622.34
PT000430,Mohammed Ali,115 664 3994,Oncology,94,29,13689.51
PT000431,Carlos Andersson,779 973 8914,Orthopedics,85,2,3792.9
PT000432,Yuki Ahmed,183 574 4786,Oncology,91,29,12556.42
PT000433,Sofia Smith,691 856 9503,Oncology,46,10,1550.45
PT000434,Aisha Rossi,808 291 7007,Pediatrics,92,37,4253.34
PT000435,James Brown,601 791 5392,Oncology,85,16,6036.25
PT000436,Fatima Nguyen,698 906 9866,Neurology,22,26,10069.66
PT000437,Priya Nguyen,670 824 3834,Pediatrics,21,28,2611.68
PT000438,Mei Tanaka,460 947 9726,Oncology,43,28,7373.61
PT000439,Liam Tanaka,870 457 5819,ER,19,28,7050.13
PT000440,Sofia Smith,801 815 3352,Neurology,25,7,4705.9
PT000441,Sofia Kowalski,472 291 4157,Neurology,7,23,6415.22
PT000442,Olu Ahmed,715 561 1572,Orthopedics,40,24,4249.6
PT000443,Ivan Nguyen,434 475 2697,ER,36,28,9940.19
PT000444,Ivan Silva,829 973 4183,Pediatrics,82,18,1015.0
PT000445,Hannah Garcia,185 188 6509,Pediatrics,25,13,3154.34
PT000446,Carlos Patel,486 786 5359,Oncology,3,17,5459.52
PT000447,Fatima Kowalski,214 549 3773,Neurology,90,16,7593.82
PT000448,James Garcia,774 243 2952,ER,28,15,7991.24
PT000449,Priya Chen,181 827 3254,Oncology,38,24,3170.67
PT000450,Ivan Khan,609 313 2221,Neurology,76,17,6120.47
PT000451,Olu Kowalski,600 915 9496,Oncology,39,13,2633.28
PT000452,Wei Silva,386 725 8904,Cardiology,64,11,4274.57
PT000453,Noah Patel,456 564 1596,Cardiology,39,26,18689.68
PT000454,James Okafor,111 276 4215,Cardiology,28,11,3665.53
PT000455,Ivan Ahmed,185 679 3919,Pediatrics,37,9,679.6
PT000456,Hannah Okafor,402 165 5006,Pediatrics,78,17,4569.57
PT000457,Aisha Nguyen,409 402 4282,ER,57,25,10251.58
PT000458,Hannah Chen,568 222 2669,Orthopedics,4,7,7683.56
PT000459,Sofia Kowalski,219 903 5375,Neurology,79,38,6117.75
PT000460,Fatima Kowalski,569 194 1291,Orthopedics,61,39,5978.8
PT000461,Fatima Ali,445 928 7390,Orthopedics,52,22,1470.11
PT000462,Hannah Kowalski,296 242 8427,ER,42,9,2202.24
PT000463,Ivan Tanaka,132 957 8165,Cardiology,77,26,5721.85
PT000464,Ivan Ahmed,566 542 4923,Oncology,51,21,7512.37
PT000465,Wei Silva,387 584 4818,Cardiology,6,18,5214.73
PT000466,Aisha Brown,767 997 8781,Orthopedics,74,1,6871.6
PT000467,Aisha Andersson,397 200 7741,Cardiology,12,18,11707.52
PT000468,Mohammed Smith,466 303 4844,ER,75,21,14017.48
PT000469,Olu Garcia,883 392 6920,Cardiology,30,12,1312.27
PT000470,Olu Nguyen,954 743 2841,Pediatrics,35,38,950.75
PT000471,Noah Smith,153 344 5528,Pediatrics,89,15,3474.37
PT000472,Wei Nguyen,576 160 6770,Cardiology,62,3,5338.15
PT000473,Hannah Brown,797 615 7370,ER,64,2,8220.15
PT000474,Aisha Khan,563 245 6147,Cardiology,55,6,3452.27
PT000475,Wei Brown,930 191 9969,Neurology,39,9,12587.67
PT000476,Yuki Andersson,687 916 4701,Cardiology,68,33,750.8
PT000477,Mohammed Brown,778 517 2479,Cardiology,94,37,4112.34
PT000478,Carlos Silva,199 186 1793,Cardiology,40,20,1174.23
PT000479,Aisha Garcia,486 580 5341,Pediatrics,26,6,7642.6
PT000480,Mary Rossi,169 362 7962,Pediatrics,38,8,3201.52
PT000481,Yuki Nguyen,300 669 9990,Neurology,39,16,8236.87
PT000482,Mei Patel,579 845 4900,Pediatrics,42,25,3924.17
PT000483,Mei Kowalski,299 131 1609,Neurology,21,37,5891.43
PT000484,James Tanaka,205 465 7815,Orthopedics,25,15,8422.83
PT000485,Liam Patel,693 503 2336,Neurology,94,19,5504.73
PT000486,Ivan Patel,438 443 6723,Orthopedics,78,0,2818.6
PT000487,Mary Chen,343 122 3486,ER,8,14,463.07
PT000488,Liam Silva,979 345 3028,Pediatrics,92,38,4532.64
PT000489,Priya Rossi,492 904 1534,Neurology,49,35,9010.79
PT000490,Sofia Andersson,481 859 1923,Orthopedics,33,28,4217.37
PT000491,Noah Nguyen,165 516 5896,Orthopedics,5,6,4581.89
PT000492,Wei Silva,399 314 5907,Orthopedics,65,6,1848.86
PT000493,Olu Kowalski,668 830 8674,ER,76,14,1673.77
PT000494,Wei Smith,335 486 1812,Cardiology,42,21,8084.28
PT000495,Aisha Brown,107 987 5892,Cardiology,57,18,13572.89
PT000496,Noah Kowalski,908 886 5883,ER,32,13,3059.4
PT000497,Priya Garcia,188 763 6086,Cardiology,15,13,7284.69
PT000498,Olu Patel,348 563 9932,Oncology,50,37,6129.23
PT000499,Wei Smith,257 955 3496,Oncology,21,19,6633.81
PT000500,Wei Andersson,254 705 9473,Oncology,49,20,4610.31
PT000501,Mary Ahmed,406 359 3144,Orthopedics,91,29,4239.84
PT000502,Wei Silva,933 523 3773,Cardiology,19,14,15761.88
PT000503,Fatima Andersson,336 311 4161,Pediatrics,42,38,7548.06
PT000504,Mohammed Rossi,130 493 8581,Pediatrics,31,3,3709.29
PT000505,Mohammed Ali,363 687 2582,Cardiology,24,34,5808.71
PT000506,James Silva,173 552 3259,Pediatrics,18,1,2261.04
PT000507,Aisha Okafor,943 670 1065,Oncology,80,31,5290.31
PT000508,Wei Ali,303 830 1712,Oncology,69,36,7219.45
PT000509,Mary Rossi,982 211 9973,Oncology,16,10,5067.13
PT000510,Liam Chen,886 491 5580,Pediatrics,75,38,4070.85
PT000511,Ivan Smith,219 133 8668,ER,33,29,6429.78
PT000512,Mary Brown,244 121 4494,Oncology,28,12,3583.35
PT000513,Olu Kowalski,496 356 8897,Oncology,3,39,2356.46
PT000514,Sofia Ali,874 774 2543,Oncology,79,17,7135.08
PT000515,Mary Brown,936 464 5587,Orthopedics,97,0,4509.16
PT000516,Noah Patel,868 374 6194,Pediatrics,62,16,8358.66
PT000517,James Garcia,838 517 1539,Oncology,85,27,7416.11
PT000518,Mary Ahmed,155 230 6252,Pediatrics,73,38,2193.55
PT000519,Fatima Rossi,983 426 6128,Cardiology,86,24,5435.96
PT000520,Mei Kowalski,824 680 9028,Pediatrics,57,18,2011.23
PT000521,Wei Brown,297 177 4566,Oncology,61,35,9407.03
PT000522,Sofia Rossi,658 688 7685,Pediatrics,46,31,2356.54
PT000523,Noah Ali,439 299 7100,Neurology,94,2,8998.27
PT000524,Aisha Ahmed,400 384 1278,ER,61,6,3314.5
PT000525,Wei Smith,285 714 7112,Pediatrics,6,23,6548.63
PT000526,Mei Tanaka,450 682 8965,Pediatrics,45,13,587.28
PT000527,Liam Garcia,196 835 4116,Neurology,27,5,3988.59
PT000528,Yuki Nguyen,664 529 4793,Oncology,35,1,17992.69
PT000529,Mei Silva,760 530 8534,Pediatrics,34,18,4740.74
PT000530,Olu Ahmed,164 868 8246,Neurology,58,27,12425.92
PT000531,Ivan Okafor,819 423 2648,Orthopedics,89,19,8997.08
PT000532,Aisha Andersson,658 192 4508,Pediatrics,76,1,2894.48
PT000533,Olu Brown,608 544 1319,Pediatrics,60,15,12340.37
PT000534,Olu Khan,966 796 2618,Oncology,0,11,6462.88
PT000535,Wei Okafor,404 849 6045,Orthopedics,53,20,8222.21
PT000536,James Smith,509 467 7485,Pediatrics,42,16,1157.33
PT000537,Fatima Patel,193 644 1296,Orthopedics,43,32,2173.09
PT000538,Yuki Silva,934 550 2217,ER,24,13,6625.15
PT000539,Carlos Tanaka,404 294 8055,Pediatrics,74,26,6398.45
PT000540,Noah Nguyen,293 654 3595,Neurology,10,31,4123.74
PT000541,Carlos Andersson,179 192 8511,Pediatrics,63,3,4264.18
PT000542,Mei Rossi,593 552 9157,Oncology,86,5,6119.46
PT000543,Hannah Tanaka,588 205 1172,ER,49,20,11558.05
PT000544,Wei Tanaka,917 470 7609,Orthopedics,39,30,7630.46
PT000545,Mohammed Chen,102 516 8044,Oncology,30,30,8060.36
PT000546,Fatima Silva,120 336 4837,Orthopedics,34,6,5036.27
PT000547,Mei Khan,684 614 4945,ER,85,12,1066.24
PT000548,Priya Garcia,264 160 7565,Cardiology,2,20,4055.55
PT000549,Mary Ali,727 599 2994,Oncology,59,7,9534.79
PT000550,Mei Ahmed,272 116 3224,ER,27,13,3011.86
PT000551,Hannah Chen,196 556 4390,Oncology,46,34,15869.56
PT000552,Fatima Rossi,369 888 5247,ER,28,1,737.05
PT000553,Mei Khan,119 126 7610,ER,70,28,5712.37
PT000554,Noah Patel,632 663 9070,Pediatrics,55,37,6780.58
PT000555,Mary Tanaka,886 233 8305,Oncology,28,36,10040.66
PT000556,Mary Silva,870 340 3307,Neurology,79,35,1339.5
PT000557,Priya Kowalski,287 738 1030,Neurology,81,36,6995.24
PT000558,Noah Khan,507 471 5289,Orthopedics,42,28,2765.89
PT000559,Mei Silva,535 991 8535,ER,10,37,8156.46
PT000560,Liam Garcia,281 415 1971,Cardiology,15,2,3149.89
PT000561,Wei Rossi,300 957 1768,Neurology,22,38,11228.92
PT000562,Liam Okafor,583 637 4896,Neurology,84,24,3881.49
PT000563,Liam Patel,344 622 9657,ER,9,24,2953.35
PT000564,Noah Khan,820 634 3289,Orthopedics,36,25,4508.03
PT000565,James Andersson,743 506 7950,Orthopedics,63,20,9754.14
PT000566,Mohammed Kowalski,770 980 4269,Orthopedics,80,1,5806.98
PT000567,Wei Okafor,290 808 7863,ER,26,30,8729.6
PT000568,Liam Khan,379 572 4049,Orthopedics,38,6,1853.66
PT000569,Fatima Rossi,816 659 9305,Pediatrics,94,16,1370.49
PT000570,Mei Ali,940 706 5240,ER,92,11,8374.31
PT000571,Mary Brown,778 207 6715,Pediatrics,74,17,4230.93
PT000572,Liam Brown,711 545 1624,ER,62,39,4401.51
PT000573,Mohammed Ali,955 495 7793,Pediatrics,92,36,1001.76
PT000574,Ivan Kowalski,632 786 3091,Oncology,13,11,3683.18
PT000575,Mohammed Okafor,858 934 5467,Neurology,57,32,7559.58
PT000576,Ivan Patel,989 969 4271,Cardiology,85,28,5669.42
PT000577,Sofia Garcia,232 271 3222,Pediatrics,12,21,4257.32
PT000578,Yuki Chen,274 822 8163,Oncology,17,30,2026.87
PT000579,Aisha Chen,171 382 8076,Orthopedics,12,39,10216.16
PT000580,Noah Ahmed,373 440 1018,ER,56,30,3881.82
PT000581,Yuki Ali,616 179 5052,Orthopedics,8,25,1667.72
PT000582,James Kowalski,288 221 6184,Neurology,55,17,2714.09
PT000583,Wei Rossi,508 330 7619,ER,41,20,5255.02
PT000584,Hannah Patel,619 249 4205,Cardiology,26,8,1528.85
PT000585,James Tanaka,110 659 9270,Orthopedics,83,24,8482.76
PT000586,Ivan Patel,976 470 5098,ER,70,33,3775.77
PT000587,Priya Chen,263 657 3049,Pediatrics,7,27,3180.73
PT000588,James Andersson,940 295 8821,Orthopedics,7,7,5757.0
PT000589,Fatima Ali,311 415 1854,Cardiology,72,29,9328.68
PT000590,Ivan Chen,774 773 3262,Neurology,81,3,7569.05
PT000591,Hannah Ahmed,631 945 1123,Pediatrics,66,28,2612.37
PT000592,Fatima Ali,155 553 4580,Cardiology,60,25,3577.28
PT000593,Mohammed Garcia,644 763 2986,Oncology,26,7,7292.42
PT000594,Hannah Patel,738 278 5990,Pediatrics,56,12,8431.1
PT000595,Sofia Khan,273 823 6041,Cardiology,45,21,9019.59
PT000596,Sofia Chen,920 927 9836,Pediatrics,20,3,4022.34
PT000597,Priya Garcia,648 568 5208,Neurology,71,10,8983.64
PT000598,Sofia Silva,745 352 7133,Oncology,7,4,2541.21
PT000599,Mei Nguyen,611 801 4753,Oncology,68,14,10356.42
PT000600,Yuki Garcia,958 355 6604,Oncology,74,24,5261.74
PT000601,Sofia Chen,967 153 3690,Cardiology,89,14,1709.48
PT000602,Mei Ahmed,222 525 8796,Cardiology,57,25,6064.92
PT000603,Aisha Kowalski,670 312 4832,Oncology,58,24,1593.67
PT000604,Sofia Garcia,126 142 2941,ER,78,3,4806.2
PT000605,James Nguyen,147 157 9153,ER,55,5,9143.18
PT000606,Yuki Okafor,396 317 5434,Pediatrics,71,6,4655.28
PT000607,Sofia Kowalski,350 213 6506,Cardiology,46,2,4298.28
PT000608,Olu Chen,193 533 1224,Neurology,72,7,6235.67
PT000609,Wei Smith,751 740 1394,Cardiology,52,22,12866.72
PT000610,Priya Patel,327 376 3505,Oncology,26,35,6347.75
PT000611,Fatima Rossi,185 335 1573,Neurology,55,10,9199.73
PT000612,Wei Smith,118 445 5946,Orthopedics,72,1,9113.81
PT000613,Mohammed Garcia,806 122 2900,Oncology,17,35,2775.26
PT000614,Yuki Khan,182 781 8930,Pediatrics,96,5,1191.61
PT000615,Sofia Khan,365 985 5430,Neurology,19,26,3607.6
PT000616,Olu Patel,389 666 2157,ER,42,34,3774.01
PT000617,Mary Rossi,238 404 6839,Orthopedics,79,24,9047.04
PT000618,Olu Andersson,665 795 7884,Pediatrics,39,32,2359.61
PT000619,Fatima Nguyen,227 985 8900,Oncology,38,19,7209.53
PT000620,James Patel,545 652 4364,Pediatrics,82,2,7412.62
PT000621,Sofia Rossi,793 215 7486,Neurology,69,27,2993.55
PT000622,Liam Ahmed,622 535 9268,Neurology,27,14,7365.32
PT000623,Priya Rossi,264 554 4821,Orthopedics,90,8,1418.98
PT000624,Fatima Brown,345 458 3309,Oncology,76,38,10886.88
PT000625,Noah Nguyen,519 206 5392,Neurology,33,26,12728.03
PT000626,Ivan Brown,769 920 1252,Oncology,82,24,10630.59
PT000627,Yuki Okafor,172 912 3134,Pediatrics,65,4,6085.75
PT000628,James Silva,916 127 8002,Neurology,67,14,19185.73
PT000629,Aisha Andersson,345 998 9182,Orthopedics,25,27,10368.52
PT000630,Hannah Garcia,122 991 6061,Cardiology,83,27,574.31
PT000631,Sofia Kowalski,197 179 8956,Neurology,2,19,3750.5
PT000632,Noah Ali,431 233 6232,ER,77,1,14184.14
PT000633,Liam Kowalski,742 370 7572,Oncology,87,14,13012.12
PT000634,Noah Khan,605 325 6733,Oncology,63,9,2274.21
PT000635,Aisha Tanaka,186 715 9107,Neurology,2,26,6035.91
PT000636,Mohammed Andersson,191 595 1751,Pediatrics,57,39,3135.09
PT000637,Carlos Silva,768 449 7696,Neurology,11,39,2526.88
PT000638,Mohammed Rossi,950 671 7672,Neurology,56,35,3114.01
PT000639,Olu Garcia,667 239 5047,Pediatrics,43,33,2272.31
PT000640,Aisha Smith,805 846 9570,Oncology,66,36,5140.9
PT000641,Liam Rossi,808 114 8110,Oncology,22,37,12545.89
PT000642,Ivan Silva,343 207 6270,Pediatrics,26,19,2449.29
PT000643,Wei Nguyen,835 780 8694,Pediatrics,62,2,1010.42
PT000644,Carlos Chen,280 658 7322,Oncology,95,9,6351.39
PT000645,Mary Ahmed,228 986 3751,Neurology,38,12,5440.28
PT000646,Mary Smith,894 733 3602,ER,12,1,4071.68
PT000647,Noah Smith,930 516 2116,ER,71,12,6938.3
PT000648,James Ali,126 407 2209,Cardiology,61,23,3564.03
PT000649,Aisha Smith,471 933 4035,Oncology,66,7,7417.15
PT000650,Carlos Kowalski,509 440 6601,Orthopedics,20,8,12594.48
PT000651,Hannah Silva,106 749 4294,Cardiology,44,33,13447.6
PT000652,Fatima Nguyen,488 506 6083,Pediatrics,41,24,963.0
PT000653,Aisha Tanaka,912 786 5218,Cardiology,79,15,1970.68
PT000654,Mary Andersson,551 485 6096,Oncology,81,15,723.28
PT000655,Liam Smith,691 447 1630,Oncology,16,24,3549.14
PT000656,Yuki Silva,921 693 1141,ER,13,16,3575.81
PT000657,Wei Tanaka,751 412 4253,Pediatrics,84,10,2148.93
PT000658,Mei Tanaka,556 140 6640,Pediatrics,40,30,6836.42
PT000659,Yuki Nguyen,962 439 2742,Neurology,72,26,5738.12
PT000660,Olu Okafor,981 815 2617,Oncology,42,17,3140.31
PT000661,Liam Silva,273 594 2660,Cardiology,58,11,2147.79
PT000662,Yuki Andersson,938 517 3137,Orthopedics,23,37,1763.71
PT000663,James Chen,358 383 6430,Orthopedics,35,2,4756.0
PT000664,Wei Andersson,331 696 6571,ER,23,20,4903.93
PT000665,Mary Garcia,547 460 1520,Cardiology,27,1,8247.73
PT000666,Noah Garcia,632 540 9157,Pediatrics,33,38,4767.93
PT000667,Noah Kowalski,151 788 2474,Pediatrics,73,28,8655.0
PT000668,Aisha Ahmed,387 716 7827,Oncology,33,0,3580.92
PT000669,Carlos Khan,571 179 4727,Cardiology,30,19,4841.16
PT000670,Wei Chen,641 544 2245,Orthopedics,93,18,8767.77
PT000671,Mohammed Ali,153 795 4010,Cardiology,80,33,3015.6
PT000672,Wei Silva,696 222 3730,Pediatrics,75,14,4748.17
PT000673,Mohammed Chen,298 856 2409,Neurology,29,11,7993.48
PT000674,Aisha Khan,521 897 7297,Orthopedics,56,24,12251.6
PT000675,Liam Patel,204 945 5543,Oncology,12,32,898.37
PT000676,Hannah Ali,841 471 4527,Cardiology,39,24,4304.39
PT000677,Mei Kowalski,161 276 3828,Pediatrics,27,28,4065.16
PT000678,Ivan Smith,137 733 4103,Orthopedics,17,30,20841.51
PT000679,Carlos Brown,100 137 9932,ER,25,39,2124.76
PT000680,Carlos Andersson,565 355 3790,Cardiology,39,30,4433.06
PT000681,Noah Okafor,544 425 1731,Pediatrics,81,5,10722.05
PT000682,Priya Kowalski,621 615 5301,ER,11,38,2519.14
PT000683,Noah Smith,896 264 8107,ER,39,21,11218.18
PT000684,Noah Kowalski,251 404 6206,Pediatrics,88,31,2046.87
PT000685,Mei Tanaka,749 972 5801,Cardiology,54,38,1389.02
PT000686,Mary Okafor,506 494 6905,Cardiology,75,26,3557.67
PT000687,Mei Andersson,867 614 4402,Cardiology,50,29,5405.55
PT000688,Mohammed Rossi,300 153 7534,ER,57,26,6773.36
PT000689,Aisha Tanaka,860 880 7836,Oncology,83,34,12237.4
PT000690,Mei Kowalski,525 126 1032,Oncology,18,11,3833.65
PT000691,Mary Smith,626 929 7332,Orthopedics,69,2,2630.5
PT000692,Fatima Kowalski,866 487 8541,Neurology,2,39,4459.36
PT000693,Liam Ali,709 183 1152,Oncology,75,31,6741.75
PT000694,Ivan Kowalski,568 356 1846,ER,73,17,1301.59
PT000695,Noah Andersson,301 299 9207,Neurology,35,1,7317.78
PT000696,Hannah Smith,729 141 7544,Pediatrics,60,32,10029.91
PT000697,Olu Silva,136 749 3262,ER,72,34,5876.79
PT000698,Yuki Patel,636 155 3651,Neurology,17,4,11003.11
PT000699,Priya Chen,588 775 8622,Neurology,63,27,4318.26
PT000700,Wei Okafor,689 874 6042,Orthopedics,55,28,3976.87
PT000701,Priya Okafor,583 776 1266,Pediatrics,4,23,2939.08
PT000702,Mary Okafor,114 298 9875,Neurology,1,8,9183.47
PT000703,Ivan Andersson,842 781 9723,Cardiology,82,22,1812.98
PT000704,Wei Nguyen,922 860 5450,Pediatrics,66,25,7270.46
PT000705,Ivan Patel,695 714 6733,Neurology,27,26,4171.62
PT000706,Fatima Khan,775 186 3866,Cardiology,92,36,5228.15
PT000707,Aisha Andersson,465 795 2042,Orthopedics,53,13,295.61
PT000708,Priya Kowalski,445 123 8058,ER,74,39,2006.85
PT000709,Olu Kowalski,993 659 6590,Cardiology,80,29,14965.55
PT000710,Fatima Okafor,260 948 6126,Neurology,1,14,3506.37
PT000711,Liam Okafor,309 689 9310,Pediatrics,59,21,1559.49
PT000712,James Garcia,873 197 2809,Oncology,95,9,5715.64
PT000713,Mary Kowalski,847 982 4597,Neurology,4,37,2998.66
PT000714,Yuki Brown,773 827 8877,ER,39,27,6972.06
PT000715,Aisha Brown,668 561 3790,Neurology,97,10,11770.3
PT000716,Liam Patel,526 724 3848,Pediatrics,77,1,7050.39
PT000717,Noah Okafor,904 397 8601,Cardiology,28,13,2065.83
PT000718,Wei Kowalski,751 665 6653,Pediatrics,53,11,6914.92
PT000719,Olu Andersson,982 618 9133,Orthopedics,12,26,1999.7
PT000720,Fatima Khan,645 350 9193,Oncology,18,34,5592.01
PT000721,Aisha Kowalski,450 224 6469,Pediatrics,92,19,8206.23
PT000722,Mary Silva,712 147 9745,Pediatrics,25,25,2735.56
PT000723,Mei Patel,727 673 2473,Orthopedics,30,1,6095.97
PT000724,Fatima Okafor,322 370 5378,Orthopedics,3,32,7575.02
PT000725,Aisha Kowalski,321 590 2998,Orthopedics,63,28,2644.98
PT000726,Liam Tanaka,908 223 2353,Pediatrics,27,9,4299.89
PT000727,Sofia Okafor,793 195 3544,Pediatrics,47,27,13642.02
PT000728,Yuki Khan,434 723 6498,Neurology,58,30,13832.87
PT000729,Mohammed Ahmed,125 904 2219,Oncology,1,25,3363.84
PT000730,Priya Smith,802 312 2532,Cardiology,46,32,3541.03
PT000731,Liam Smith,559 985 2599,Pediatrics,38,0,3035.12
PT000732,Mei Patel,666 695 3096,Pediatrics,74,3,9635.85
PT000733,Carlos Chen,795 816 8778,Cardiology,44,9,5725.85
PT000734,Noah Chen,695 843 2633,Orthopedics,37,4,2231.9
PT000735,Aisha Tanaka,281 266 8295,Pediatrics,28,13,5121.76
PT000736,Sofia Rossi,919 324 1509,ER,14,6,5231.55
PT000737,Mohammed Garcia,141 190 8709,Orthopedics,51,30,6362.83
PT000738,Olu Okafor,187 879 9450,Cardiology,56,24,7284.88
PT000739,Sofia Chen,838 114 1721,Cardiology,22,21,11318.03
PT000740,Aisha Garcia,906 322 6969,Cardiology,69,35,3812.24
PT000741,Mary Okafor,145 906 6578,Pediatrics,58,7,4975.09
PT000742,James Chen,934 705 5875,Neurology,59,30,12374.88
PT000743,Mei Kowalski,560 539 3415,ER,82,38,7179.28
PT000744,Priya Garcia,143 748 6625,ER,95,37,4386.36
PT000745,Wei Rossi,227 933 4236,ER,51,28,3443.35
PT000746,Mohammed Chen,953 178 2012,ER,35,24,2112.66
PT000747,Mohammed Andersson,191 561 2660,Neurology,35,5,6583.34
PT000748,Wei Chen,624 538 6366,Neurology,53,23,4879.74
PT000749,Fatima Garcia,383 737 9948,ER,4,10,4575.43
PT000750,Priya Tanaka,821 281 9355,Oncology,86,18,2037.74
PT000751,Hannah Smith,700 974 1349,ER,44,13,13181.95
PT000752,Ivan Ali,840 768 7458,Pediatrics,12,30,7835.49
PT000753,Liam Rossi,331 105 1024,Neurology,20,35,3499.09
PT000754,Mei Okafor,766 156 3096,Cardiology,1,20,5645.25
PT000755,James Chen,302 434 5048,Cardiology,39,0,9192.9
PT000756,Yuki Chen,787 554 7459,Orthopedics,63,6,15162.33
PT000757,Sofia Khan,541 974 6964,Orthopedics,80,22,11954.59
PT000758,James Brown,943 881 1917,Pediatrics,3,18,6808.76
PT000759,Olu Andersson,137 981 7089,Oncology,48,36,11770.93
PT000760,Liam Garcia,127 169 6949,Neurology,62,38,4071.95
PT000761,Olu Ali,159 217 7669,Oncology,56,24,14256.29
PT000762,Carlos Nguyen,952 581 5083,Cardiology,97,24,3096.64
PT000763,James Andersson,885 598 1522,Oncology,56,18,707.02
PT000764,Priya Brown,524 743 4448,Pediatrics,18,37,4722.16
PT000765,Noah Chen,133 363 7043,Oncology,82,14,1586.58
PT000766,Liam Nguyen,238 249 3171,Pediatrics,19,9,8720.65
PT000767,Liam Andersson,388 604 7491,Oncology,66,21,7715.1
PT000768,Liam Patel,981 424 8004,ER,37,38,3830.0
PT000769,Carlos Ahmed,916 537 5347,ER,59,31,4394.15
PT000770,Liam Brown,722 408 6002,Pediatrics,5,18,3114.2
PT000771,James Brown,830 416 9685,Cardiology,58,30,9268.26
PT000772,Hannah Silva,335 223 1791,Pediatrics,30,14,4350.09
PT000773,Carlos Andersson,911 783 5873,Pediatrics,93,5,5337.38
PT000774,Noah Andersson,274 968 2728,ER,7,28,6401.04
PT000775,Yuki Rossi,119 566 9571,Oncology,91,1,292.22
PT000776,Aisha Brown,804 757 8159,Orthopedics,24,15,5486.88
PT000777,Aisha Kowalski,196 454 2249,Oncology,62,32,3700.3
PT000778,Priya Kowalski,890 259 3367,ER,62,6,3161.63
PT000779,Yuki Ali,482 607 1426,Neurology,90,26,5029.85
PT000780,Mei Okafor,130 602 2485,Pediatrics,65,9,5685.63
PT000781,Priya Garcia,957 532 4395,Neurology,77,12,15165.83
PT000782,James Patel,549 560 9223,ER,28,37,13551.43
PT000783,Noah Ali,809 628 1329,Cardiology,81,33,6219.53
PT000784,Fatima Rossi,298 902 4578,Neurology,16,4,1701.3
PT000785,Mei Smith,670 832 9324,ER,5,4,2962.04
PT000786,Aisha Okafor,117 790 5258,Cardiology,73,26,15493.63
PT000787,Hannah Brown,166 768 1655,Pediatrics,94,21,3659.23
PT000788,Wei Rossi,652 282 5156,Orthopedics,9,25,9440.67
PT000789,Sofia Tanaka,438 909 9292,Neurology,11,19,1329.31
PT000790,Mohammed Ahmed,229 240 8036,Oncology,68,7,4159.98
PT000791,Olu Kowalski,693 976 4069,Pediatrics,92,39,8589.05
PT000792,Fatima Kowalski,185 345 6882,Oncology,40,18,3356.61
PT000793,Olu Khan,947 503 2970,ER,60,5,3717.17
PT000794,Aisha Ahmed,726 735 6336,Pediatrics,66,14,9118.47
PT000795,Aisha Tanaka,596 571 7875,Orthopedics,14,6,3409.91
PT000796,James Andersson,736 987 1083,Oncology,59,31,638.56
PT000797,Liam Rossi,185 570 9948,ER,47,25,4804.92
PT000798,Carlos Khan,619 536 3865,ER,6,38,5516.72
PT000799,Noah Brown,282 257 4300,Oncology,36,4,7524.27
PT000800,Mohammed Tanaka,855 647 4052,Pediatrics,10,7,9720.01
PT000801,Yuki Kowalski,932 464 7512,Orthopedics,88,2,415.74
PT000802,Wei Patel,996 858 9349,Cardiology,86,31,10831.6
PT000803,Wei Brown,264 510 6885,ER,29,36,5628.19
PT000804,Yuki Silva,170 302 2902,Orthopedics,8,26,755.0
PT000805,Sofia Silva,986 373 3093,Cardiology,96,23,7378.02
PT000806,Mary Rossi,901 367 9717,ER,29,4,7183.63
PT000807,Hannah Okafor,329 800 9041,Orthopedics,7,1,4583.59
PT000808,Noah Rossi,679 742 4698,Orthopedics,50,28,4390.74
PT000809,Mohammed Khan,538 176 8554,Oncology,33,26,18740.08
PT000810,Priya Patel,953 583 7108,Pediatrics,24,20,4340.72
PT000811,Yuki Kowalski,494 348 2925,Pediatrics,80,23,3734.0
PT000812,Carlos Nguyen,260 420 2930,ER,1,6,2764.92
PT000813,Priya Khan,528 288 9224,Pediatrics,10,31,4127.45
PT000814,Mei Ali,146 907 8993,Pediatrics,36,35,7876.55
PT000815,Mei Nguyen,148 460 3431,Cardiology,45,18,10635.43
PT000816,Wei Patel,930 984 7205,Neurology,50,4,1514.25
PT000817,Fatima Andersson,567 715 7980,Oncology,36,17,1906.81
PT000818,Mohammed Nguyen,541 170 2273,Cardiology,47,20,9652.95
PT000819,Mei Patel,588 708 2457,ER,92,17,442.28
PT000820,Olu Kowalski,509 676 7923,Pediatrics,76,17,3600.81
PT000821,Olu Okafor,139 156 7987,Orthopedics,70,14,3796.68
PT000822,Noah Chen,255 311 8684,ER,75,9,7097.01
PT000823,Yuki Rossi,229 492 8030,ER,27,16,2879.88
PT000824,Liam Andersson,865 968 1061,Cardiology,73,27,2380.77
PT000825,Yuki Ahmed,595 147 1988,Pediatrics,63,6,1356.29
PT000826,Ivan Kowalski,287 522 9248,Cardiology,20,31,3491.67
PT000827,Yuki Tanaka,328 619 9818,Cardiology,45,20,15699.81
PT000828,Sofia Patel,473 529 2163,Orthopedics,6,1,7396.1
PT000829,Wei Okafor,735 136 5341,Neurology,1,38,368.74
PT000830,Mei Andersson,736 426 9889,Oncology,36,17,1887.71
PT000831,Mary Garcia,951 159 1602,ER,31,2,1188.96
PT000832,Mohammed Khan,253 606 9567,Neurology,15,38,3824.77
PT000833,Sofia Kowalski,667 886 8677,Neurology,74,2,2605.33
PT000834,Noah Silva,257 349 9650,Neurology,14,0,7016.62
PT000835,Ivan Smith,538 667 7648,Orthopedics,49,38,4582.96
PT000836,Sofia Brown,300 582 2798,ER,8,18,5862.06
PT000837,Yuki Andersson,297 362 7783,Orthopedics,81,14,12932.66
PT000838,Fatima Rossi,786 564 2368,Orthopedics,64,28,9066.09
PT000839,Priya Khan,613 314 7241,Cardiology,86,34,4462.02
PT000840,Aisha Garcia,819 372 9241,Cardiology,46,8,4035.93
PT000841,Hannah Khan,565 655 9905,Cardiology,6,22,7900.72
PT000842,Fatima Ali,543 805 3772,Cardiology,35,16,3972.61
PT000843,Hannah Ali,174 931 3477,Neurology,13,24,3966.68
PT000844,Carlos Nguyen,181 729 1261,Neurology,9,0,4114.67
PT000845,Sofia Smith,953 152 5617,Pediatrics,67,16,2397.83
PT000846,Mohammed Patel,570 510 2268,ER,6,31,5329.95
PT000847,Noah Ali,605 969 7203,Neurology,21,27,24742.19
PT000848,Mary Rossi,815 962 2190,Neurology,6,19,2361.5
PT000849,Mohammed Silva,176 453 4134,Orthopedics,60,27,6384.4
PT000850,Mei Chen,485 931 1024,Oncology,11,16,11545.21
PT000851,Olu Okafor,254 884 8646,Orthopedics,3,13,3042.04
PT000852,Mohammed Kowalski,554 210 9501,ER,87,15,6093.02
PT000853,Mohammed Brown,609 594 3680,Oncology,45,3,12212.41
PT000854,Mei Okafor,651 794 1476,Cardiology,5,36,926.72
PT000855,Sofia Ali,942 663 8849,Pediatrics,95,26,4640.7
PT000856,Mei Patel,900 109 4437,Cardiology,52,22,3496.35
PT000857,Mary Nguyen,465 633 8527,ER,55,4,4879.69
PT000858,Carlos Brown,818 939 7250,Neurology,10,11,5864.1
PT000859,Fatima Kowalski,318 741 8514,Orthopedics,25,17,3279.32
PT000860,Liam Okafor,101 515 2735,Pediatrics,28,22,3302.19
PT000861,Sofia Kowalski,160 464 9161,Neurology,90,5,5823.53
PT000862,James Chen,179 795 3334,Pediatrics,27,0,5042.51
PT000863,Priya Smith,477 387 5363,Oncology,1,32,12986.62
PT000864,Mohammed Brown,649 887 4505,ER,69,22,6701.83
PT000865,Hannah Okafor,697 556 6191,Cardiology,73,11,3477.55
PT000866,Aisha Khan,648 881 1579,Cardiology,92,21,869.21
PT000867,Mei Rossi,156 559 6418,Neurology,29,19,4489.81
PT000868,Aisha Nguyen,416 765 9019,Orthopedics,18,30,8398.77
PT000869,Yuki Kowalski,715 423 2182,Orthopedics,80,8,6009.7
PT000870,Carlos Ali,616 324 1482,Oncology,54,24,10888.33
PT000871,Yuki Andersson,865 427 6777,Oncology,54,39,1938.8
PT000872,Yuki Tanaka,596 779 5930,Orthopedics,58,31,3414.84
PT000873,Fatima Ahmed,531 930 9568,Oncology,47,29,8844.63
PT000874,Yuki Ahmed,127 122 2763,Oncology,49,0,5435.66
PT000875,Mohammed Ali,238 615 9836,Neurology,12,38,17061.58
PT000876,Olu Nguyen,533 515 8129,Oncology,91,9,4167.65
PT000877,Olu Smith,970 164 9354,Pediatrics,77,24,3280.39
PT000878,Mohammed Kowalski,448 540 7677,Neurology,23,7,2496.21
PT000879,Noah Smith,910 181 7933,Oncology,82,2,1715.3
PT000880,Noah Khan,206 578 8624,Orthopedics,44,29,5106.03
PT000881,Noah Brown,498 326 8244,Neurology,30,37,1736.63
PT000882,Mei Silva,346 816 3290,Pediatrics,77,25,7758.56
PT000883,Yuki Tanaka,625 781 9767,Pediatrics,15,15,7985.18
PT000884,Wei Tanaka,126 383 5387,Oncology,42,26,720.91
PT000885,James Brown,105 930 2256,Oncology,44,5,1511.11
PT000886,Hannah Ali,784 125 9597,Oncology,10,25,2961.3
PT000887,Yuki Okafor,806 169 1883,Orthopedics,25,39,7195.09
PT000888,Liam Silva,863 183 9984,Cardiology,83,21,758.05
PT000889,Liam Brown,629 890 2954,Orthopedics,30,38,4902.88
PT000890,Carlos Patel,100 676 2764,Pediatrics,51,25,13978.93
PT000891,Olu Okafor,760 231 9788,ER,46,12,3240.71
PT000892,James Ali,454 416 7118,Cardiology,8,32,11268.36
PT000893,Mohammed Khan,796 184 6632,Orthopedics,5,2,8089.76
PT000894,Hannah Okafor,648 778 2067,Orthopedics,57,8,2250.21
PT000895,Aisha Garcia,179 683 1300,Cardiology,18,13,6084.7
PT000896,Mei Patel,874 287 6175,Neurology,20,9,8126.08
PT000897,Mei Smith,399 701 5472,Pediatrics,21,1,12186.82
PT000898,Carlos Andersson,512 271 2715,Neurology,17,32,4955.41
PT000899,Mary Brown,759 610 9386,Oncology,45,27,4797.16
PT000900,Fatima Smith,237 539 4735,Neurology,88,13,10378.19
PT000901,Mohammed Garcia,275 987 8157,Oncology,57,39,2626.5
PT000902,Mei Ahmed,277 643 8047,Neurology,30,2,16900.08
PT000903,Hannah Andersson,187 568 1221,Orthopedics,5,31,2184.64
PT000904,Fatima Ahmed,607 837 7404,Neurology,42,6,1210.16
PT000905,James Patel,722 341 8519,ER,38,17,2974.63
PT000906,Wei Nguyen,132 924 6796,Pediatrics,19,24,10192.42
PT000907,Carlos Garcia,521 391 9163,Cardiology,33,20,3870.0
PT000908,Noah Andersson,183 541 4883,Neurology,97,2,3314.89
PT000909,James Silva,319 887 1918,Orthopedics,87,21,7576.72
PT000910,Noah Rossi,552 685 1978,Cardiology,65,5,4914.73
PT000911,Yuki Brown,471 565 6972,Neurology,22,16,2820.34
PT000912,Hannah Ali,583 165 1898,Pediatrics,49,22,4896.96
PT000913,Liam Smith,483 963 4136,Oncology,13,12,7325.26
PT000914,Ivan Rossi,202 172 2760,ER,48,35,2040.99
PT000915,Priya Smith,666 830 4998,Cardiology,64,39,6073.8
PT000916,Ivan Kowalski,228 258 5222,Oncology,33,23,9504.22
PT000917,Mohammed Kowalski,535 994 6659,ER,70,28,8267.7
PT000918,Mohammed Rossi,609 771 2651,Orthopedics,55,2,4038.44
PT000919,Mohammed Ali,846 737 3031,Cardiology,10,18,1348.47
PT000920,Mei Khan,828 134 7620,Orthopedics,28,12,14307.13
PT000921,Fatima Patel,118 179 9601,Oncology,87,8,1499.82
PT000922,Liam Ahmed,252 914 5943,Oncology,5,7,4904.79
PT000923,Noah Chen,178 180 8197,Orthopedics,64,18,7486.98
PT000924,Fatima Andersson,902 191 5212,Orthopedics,52,28,3652.5
PT000925,Liam Patel,722 316 7659,Neurology,63,7,1890.69
PT000926,Olu Brown,623 752 8547,Cardiology,96,20,12203.76
PT000927,Noah Andersson,938 821 9956,Pediatrics,51,32,12766.79
PT000928,Aisha Tanaka,398 353 5157,Neurology,26,11,3078.08
PT000929,Hannah Garcia,153 687 7832,Orthopedics,91,4,7374.07
PT000930,Mei Okafor,867 849 3693,Orthopedics,96,29,403.35
PT000931,Wei Ahmed,548 464 8158,Pediatrics,25,21,2420.45
PT000932,Wei Ali,646 269 9813,Orthopedics,13,28,6331.38
PT000933,Carlos Andersson,671 965 4268,Pediatrics,5,10,24589.25
PT000934,Olu Khan,826 385 3171,Oncology,14,27,4067.13
PT000935,Noah Brown,762 209 9131,Cardiology,69,39,6706.21
PT000936,Wei Brown,864 928 5027,Pediatrics,48,31,13613.5
PT000937,Liam Ali,866 105 7744,ER,9,24,9974.41
PT000938,Liam Andersson,934 612 6819,Neurology,16,1,4496.2
PT000939,Aisha Nguyen,977 615 3357,Oncology,90,22,1482.29
PT000940,Hannah Nguyen,791 603 1719,Oncology,38,13,8982.13
PT000941,Hannah Nguyen,584 808 5818,ER,97,24,4889.11
PT000942,Hannah Garcia,822 564 3704,ER,90,29,7123.57
PT000943,Mary Okafor,153 888 1381,Orthopedics,11,15,433.39
PT000944,Hannah Chen,956 997 5352,ER,72,24,7034.58
PT000945,Olu Tanaka,749 782 6393,Pediatrics,48,6,2632.08
PT000946,Mary Nguyen,229 935 7198,Oncology,81,39,20878.28
PT000947,Ivan Khan,803 941 7851,Pediatrics,7,19,2859.32
PT000948,Carlos Nguyen,102 636 8235,Cardiology,70,10,5178.75
PT000949,Olu Tanaka,943 709 7034,Oncology,21,9,3565.53
PT000950,James Ahmed,419 555 2215,Orthopedics,18,13,811.18
PT000951,Liam Garcia,813 994 2998,Cardiology,52,35,302.15
PT000952,Aisha Chen,379 727 2896,Pediatrics,20,3,4184.67
PT000953,Noah Silva,231 182 3948,Pediatrics,11,17,5410.86
PT000954,Mohammed Rossi,622 541 5548,Neurology,93,14,1460.18
PT000955,Priya Silva,341 146 1636,Cardiology,18,20,1597.3
PT000956,Mohammed Rossi,633 907 9311,Neurology,4,33,4541.46
PT000957,Priya Ali,425 298 5844,Neurology,30,21,11863.28
PT000958,Mohammed Ali,347 219 6413,Pediatrics,1,10,4201.84
PT000959,Wei Smith,131 987 8227,Oncology,7,14,4327.54
PT000960,Priya Chen,773 764 1835,Oncology,76,35,16582.81
PT000961,Sofia Okafor,330 719 2049,ER,52,17,9231.69
PT000962,Yuki Patel,631 712 2758,Pediatrics,27,20,7678.44
PT000963,Olu Kowalski,642 928 8288,ER,0,4,7670.33
PT000964,Priya Chen,953 217 6996,Neurology,26,19,4504.32
PT000965,Mei Khan,918 486 7544,Orthopedics,48,34,2258.01
PT000966,Olu Khan,726 498 5001,Cardiology,3,7,3018.93
PT000967,Noah Okafor,633 779 3390,Oncology,11,20,6166.39
PT000968,Carlos Nguyen,520 697 1752,Neurology,80,1,8989.86
PT000969,Olu Kowalski,308 351 5816,Neurology,95,1,9838.82
PT000970,Aisha Tanaka,696 532 7105,Oncology,78,36,14842.21
PT000971,Mei Kowalski,472 442 8430,Cardiology,85,21,4755.34
PT000972,Noah Silva,488 651 8647,Oncology,93,28,1294.55
PT000973,Fatima Ali,568 250 5886,Cardiology,68,7,2835.8
PT000974,Olu Chen,862 407 2384,Oncology,61,15,2777.4
PT000975,Wei Andersson,649 466 2000,Cardiology,48,2,9213.28
PT000976,Carlos Smith,372 735 6628,Oncology,89,15,15705.47
PT000977,Mohammed Garcia,668 551 1279,Pediatrics,42,21,6260.74
PT000978,Olu Patel,609 500 6707,Pediatrics,32,31,11250.37
PT000979,Wei Ahmed,525 481 6389,Pediatrics,26,20,3984.42
PT000980,Olu Silva,891 792 4767,Pediatrics,64,26,8722.35
PT000981,Hannah Okafor,569 171 9059,ER,26,0,653.73
PT000982,Hannah Ali,502 473 3293,ER,29,17,4211.76
PT000983,Wei Smith,941 949 5092,Pediatrics,30,0,3565.96
PT000984,Carlos Smith,698 224 4912,Cardiology,55,1,5514.89
PT000985,Aisha Andersson,481 296 9184,Neurology,19,38,2245.7
PT000986,Liam Kowalski,948 610 5671,Cardiology,45,18,8516.2
PT000987,Priya Silva,657 146 4049,ER,91,4,5871.82
PT000988,James Garcia,643 462 4846,Neurology,29,16,5166.39
PT000989,James Ahmed,640 160 4488,Cardiology,71,4,2027.75
PT000990,Olu Andersson,850 825 8059,Orthopedics,82,0,9253.5
PT000991,Mohammed Chen,422 295 7495,Pediatrics,12,27,3254.66
PT000992,Hannah Brown,417 538 8579,Oncology,97,4,8230.08
PT000993,Sofia Rossi,965 418 8869,ER,86,7,2851.54
PT000994,Olu Rossi,190 310 1784,Cardiology,14,17,3925.33
PT000995,Hannah Chen,499 694 6318,Pediatrics,65,14,4213.47
PT000996,Ivan Andersson,612 176 2563,Cardiology,2,26,2739.63
PT000997,Yuki Rossi,446 525 6902,Pediatrics,75,2,15123.44
PT000998,Wei Rossi,297 119 5307,Cardiology,9,19,2067.92
PT000999,Fatima Khan,861 825 6224,Neurology,67,37,6820.94
PT001000,James Rossi,154 335 7381,Neurology,92,36,5540.99
PT001001,Aisha Okafor,909 340 9540,Pediatrics,34,14,6355.22
PT001002,Priya Smith,655 264 6091,Oncology,75,16,2040.82
PT001003,Mary Chen,759 552 3003,ER,75,25,1291.98
PT001004,Priya Tanaka,817 498 7381,Orthopedics,96,2,7008.82
PT001005,Mary Brown,425 954 1402,Cardiology,82,30,8938.26
PT001006,Hannah Silva,987 635 9877,Neurology,47,8,725.08
PT001007,Priya Khan,465 363 3516,Pediatrics,20,21,9176.04
PT001008,Wei Nguyen,484 461 1130,Neurology,81,14,1550.08
PT001009,James Tanaka,281 765 1069,Orthopedics,71,6,7882.35
PT001010,Priya Chen,265 674 7881,ER,8,7,6878.7
PT001011,Liam Nguyen,136 854 4121,Cardiology,46,23,11565.23
PT001012,Priya Nguyen,119 101 8193,Cardiology,45,26,5964.92
PT001013,Yuki Chen,839 740 4898,Neurology,70,21,3373.47
PT001014,Sofia Smith,959 453 2266,Neurology,73,25,6016.04
PT001015,Yuki Patel,349 283 3778,Orthopedics,21,10,4033.89
PT001016,Hannah Garcia,283 788 8527,ER,40,27,1790.08
PT001017,Mary Ahmed,528 178 6831,Neurology,94,5,543.92
PT001018,Mei Smith,886 327 1919,ER,47,25,4577.25
PT001019,Mary Chen,543 748 5536,ER,28,4,1368.55
PT001020,Aisha Silva,190 835 8394,Orthopedics,89,38,16002.45
PT001021,Noah Tanaka,225 891 9480,Neurology,28,8,6892.49
PT001022,Yuki Kowalski,207 381 1285,ER,13,24,3410.01
PT001023,Hannah Rossi,531 819 2064,Oncology,8,18,2251.21
PT001024,James Rossi,618 713 3022,ER,91,29,12740.67
PT001025,Hannah Rossi,846 235 6716,ER,8,32,3826.09
PT001026,Noah Kowalski,589 540 2703,Cardiology,9,33,9652.67
PT001027,James Tanaka,591 888 8009,Neurology,2,29,190.85
PT001028,Wei Andersson,377 168 7748,Pediatrics,79,1,14915.63
PT001029,Carlos Patel,298 955 5202,Orthopedics,11,13,4365.58
PT001030,Wei Okafor,652 699 9885,Orthopedics,75,0,1954.94
PT001031,Liam Patel,296 536 8167,Orthopedics,95,36,8203.0
PT001032,Liam Ahmed,543 489 7977,Oncology,95,38,7561.84
PT001033,Ivan Rossi,935 161 3603,ER,39,13,7893.07
PT001034,Hannah Ahmed,808 457 2323,Cardiology,30,18,2008.27
PT001035,Mary Smith,636 446 7360,Cardiology,42,16,1126.57
PT001036,Olu Ali,987 324 4560,Neurology,8,16,6124.14
PT001037,Liam Patel,327 750 9742,Cardiology,29,28,12380.4
PT001038,Carlos Ali,491 278 3557,Orthopedics,18,13,641.0
PT001039,Noah Rossi,652 392 4591,ER,59,2,2145.95
PT001040,Mohammed Brown,256 360 1334,ER,76,11,6797.16
PT001041,Yuki Kowalski,880 131 5294,Oncology,8,31,5741.9
PT001042,Hannah Chen,192 731 7317,Orthopedics,25,2,2642.03
PT001043,Priya Brown,848 542 8465,Cardiology,35,32,7630.76
PT001044,Liam Okafor,916 534 8968,Oncology,23,13,3376.33
PT001045,Noah Nguyen,203 861 3870,Oncology,55,27,5081.44
PT001046,Hannah Ali,834 315 3087,Neurology,77,13,5719.9
PT001047,Yuki Garcia,877 936 8644,Orthopedics,41,21,6900.1
PT001048,Mohammed Kowalski,313 138 2408,Orthopedics,10,17,1387.26
PT001049,Carlos Rossi,927 376 6642,ER,88,0,13165.26
PT001050,James Brown,396 846 3107,Cardiology,14,2,391.62
PT001051,Noah Khan,938 752 7582,Orthopedics,94,3,5448.37
PT001052,Fatima Okafor,308 365 5457,Orthopedics,60,30,3764.36
PT001053,Yuki Kowalski,494 527 7852,Oncology,54,0,2622.14
PT001054,Wei Okafor,935 108 2858,Oncology,87,31,1369.59
PT001055,Priya Chen,958 695 2668,Oncology,34,36,2169.16
PT001056,Mary Silva,683 798 7868,ER,20,11,1985.48
PT001057,James Ali,793 947 2796,Orthopedics,78,31,5220.53
PT001058,Fatima Smith,187 950 8314,Neurology,58,29,886.68
PT001059,Noah Okafor,369 716 1457,Cardiology,39,13,4526.63
PT001060,Fatima Patel,741 456 1708,Oncology,38,16,4962.29
PT001061,Sofia Rossi,704 439 3634,Orthopedics,6,12,4879.83
PT001062,Mary Smith,290 508 7757,Orthopedics,94,2,2934.88
PT001063,Priya Tanaka,408 155 3952,Pediatrics,2,12,3182.16
PT001064,Fatima Okafor,177 442 7935,Neurology,31,8,4705.88
PT001065,Olu Nguyen,906 525 6115,Pediatrics,31,6,2345.38
PT001066,Aisha Ali,400 201 2259,Neurology,61,13,864.63
PT001067,Aisha Nguyen,595 806 3769,Cardiology,45,8,13145.45
PT001068,Yuki Kowalski,674 378 5917,Neurology,57,13,12245.31
PT001069,Wei Ahmed,376 272 2985,Pediatrics,57,26,4155.7
PT001070,Carlos Kowalski,364 495 7023,Orthopedics,15,9,3881.73
PT001071,James Tanaka,629 288 7897,Neurology,13,26,5594.35
PT001072,Sofia Brown,739 315 3981,Orthopedics,67,19,9670.24
PT001073,Yuki Kowalski,708 883 7141,Oncology,6,37,9087.07
PT001074,Yuki Brown,115 878 4674,Pediatrics,43,19,3854.4
PT001075,Carlos Garcia,253 794 9903,Oncology,19,32,481.57
PT001076,Sofia Rossi,775 882 2277,Orthopedics,62,38,7668.23
PT001077,Noah Chen,668 757 7135,Orthopedics,46,34,3482.39
PT001078,Yuki Kowalski,809 552 5175,Cardiology,8,34,8835.31
PT001079,Olu Tanaka,645 598 1228,Pediatrics,15,7,1719.56
PT001080,Mohammed Khan,229 662 6054,ER,75,13,4749.82
PT001081,Hannah Andersson,136 777 9388,Neurology,52,32,11116.55
PT001082,Sofia Silva,608 444 5964,ER,65,11,6335.1
PT001083,Olu Ali,780 661 3945,Orthopedics,45,29,8601.84
PT001084,Mohammed Tanaka,695 583 5377,Pediatrics,61,29,1641.65
PT001085,Sofia Ali,310 415 5723,ER,12,11,4048.93
PT001086,Sofia Silva,526 104 3818,ER,42,30,5110.99
PT001087,Priya Nguyen,653 199 1999,Pediatrics,74,2,7229.08
PT001088,Mary Brown,845 601 5864,Pediatrics,27,34,8251.76
PT001089,Liam Rossi,263 354 6482,ER,96,12,9885.95
PT001090,Priya Rossi,636 733 8792,Cardiology,37,29,1962.97
PT001091,Wei Okafor,256 581 5694,Cardiology,58,27,2247.97
PT001092,Priya Smith,321 398 9254,Neurology,80,11,8514.44
PT001093,Priya Brown,562 640 1847,Cardiology,44,11,865.32
PT001094,Priya Okafor,738 867 6348,Oncology,47,22,1823.3
PT001095,James Andersson,263 119 7772,ER,18,2,3551.73
PT001096,Mary Ahmed,156 452 9927,Oncology,26,30,2225.15
PT001097,Mei Smith,253 456 1385,ER,85,9,10637.28
PT001098,Fatima Nguyen,538 588 5949,ER,54,9,3749.79
PT001099,Noah Ahmed,704 514 3224,Cardiology,84,37,2942.38
PT001100,Wei Brown,304 960 5603,Neurology,91,36,15690.51
PT001101,Hannah Chen,556 810 1351,Oncology,45,26,11963.1
PT001102,Liam Ahmed,343 949 5211,Cardiology,73,17,323.69
PT001103,James Smith,605 174 1845,Neurology,87,11,4360.76
PT001104,Aisha Khan,713 332 2369,ER,47,27,9223.76
PT001105,Hannah Rossi,226 235 6425,Orthopedics,38,31,2868.74
PT001106,Mei Brown,901 250 4412,ER,43,28,6286.15
PT001107,James Patel,478 865 7322,Cardiology,15,37,7418.77
PT001108,Aisha Nguyen,209 794 5451,Pediatrics,48,13,6741.01
PT001109,Carlos Okafor,908 758 9298,ER,67,12,4152.71
PT001110,James Tanaka,706 625 3315,Cardiology,94,1,1567.58
PT001111,Sofia Okafor,249 571 6849,Neurology,38,10,11130.94
PT001112,Fatima Khan,329 443 8262,Cardiology,67,6,16466.42
PT001113,Aisha Chen,952 531 6780,ER,28,27,15758.19
PT001114,Hannah Andersson,960 218 4646,Cardiology,8,35,3232.82
PT001115,Olu Tanaka,520 164 8145,Orthopedics,76,33,1039.2
PT001116,Mary Andersson,249 107 6283,Cardiology,55,24,6123.31
PT001117,Fatima Andersson,307 935 1414,Pediatrics,54,38,11126.85
PT001118,Carlos Andersson,168 560 5227,Neurology,5,32,2896.8
PT001119,Olu Kowalski,415 767 6957,ER,72,37,19732.64
PT001120,Sofia Okafor,168 857 7327,Oncology,46,25,2244.55
PT001121,Mohammed Chen,280 255 1841,Oncology,88,21,7327.07
PT001122,Fatima Smith,617 840 9988,Neurology,14,38,8090.03
PT001123,Sofia Andersson,688 822 9886,Orthopedics,63,23,805.2
PT001124,Olu Khan,635 296 3017,Oncology,60,7,9785.23
PT001125,Fatima Garcia,978 607 9637,Neurology,34,18,4784.96
PT001126,Liam Rossi,513 646 5796,ER,52,1,9497.9
PT001127,Olu Ahmed,825 251 5010,Orthopedics,34,3,16239.77
PT001128,Yuki Rossi,400 717 4427,ER,56,11,11408.71
PT001129,Mei Garcia,682 949 7060,Oncology,94,23,10858.45
PT001130,Mohammed Silva,647 122 3693,Oncology,70,26,3999.24
PT001131,James Ahmed,376 547 4258,Pediatrics,15,1,13599.85
PT001132,Priya Garcia,192 965 3207,Pediatrics,9,16,7416.3
PT001133,Ivan Tanaka,868 582 9753,Orthopedics,92,8,3435.99
PT001134,Ivan Ahmed,428 237 8478,Orthopedics,10,14,18626.72
PT001135,Yuki Patel,873 314 5010,Cardiology,78,15,6143.07
PT001136,Ivan Nguyen,740 890 7375,Oncology,20,21,5178.5
PT001137,Sofia Okafor,109 702 2372,Orthopedics,87,34,14329.32
PT001138,Mary Kowalski,800 569 4374,Oncology,64,2,1243.76
PT001139,Olu Chen,255 405 5027,Neurology,34,1,2024.81
PT001140,Carlos Tanaka,341 113 8207,ER,12,34,4824.94
PT001141,Mei Rossi,558 251 7553,Orthopedics,28,14,1312.33
PT001142,Hannah Rossi,153 206 1995,Pediatrics,17,12,295.58
PT001143,Liam Silva,374 219 2536,Cardiology,71,16,7903.64
PT001144,Aisha Ali,656 893 8174,Cardiology,34,31,4948.67
PT001145,Noah Patel,879 169 9656,ER,35,38,10243.58
PT001146,Mary Ali,877 547 3152,Pediatrics,24,27,3636.09
PT001147,James Okafor,746 356 2102,Cardiology,51,29,14081.99
PT001148,Hannah Rossi,180 553 9528,Oncology,57,32,2220.72
PT001149,Wei Kowalski,681 533 8462,Cardiology,33,35,1568.76
PT001150,Mary Silva,681 213 6781,Oncology,2,36,4586.41
PT001151,Yuki Kowalski,866 367 7983,Cardiology,62,36,2765.73
PT001152,Olu Chen,640 362 6758,ER,16,15,15292.83
PT001153,James Nguyen,404 620 6699,Neurology,74,33,7614.82
PT001154,Aisha Chen,705 814 1364,Pediatrics,61,19,3377.23
PT001155,Yuki Chen,622 805 3033,Orthopedics,13,7,11160.21
PT001156,Sofia Khan,255 269 7341,ER,30,7,7384.78
PT001157,James Ali,144 687 4838,Orthopedics,56,14,3571.6
PT001158,Mohammed Patel,722 474 9624,Neurology,76,5,5318.18
PT001159,Sofia Ali,621 290 2777,Pediatrics,2,14,3275.04
PT001160,Ivan Khan,502 816 4454,Neurology,68,36,2850.84
PT001161,Hannah Khan,675 716 9778,Cardiology,49,0,6104.01
PT001162,James Ahmed,414 788 8973,Orthopedics,59,10,539.88
PT001163,Priya Chen,235 180 6937,Cardiology,50,28,1223.95
PT001164,Mei Ahmed,239 873 3719,Neurology,37,27,6503.81
PT001165,Sofia Kowalski,772 132 5043,Neurology,0,36,7844.86
PT001166,Carlos Tanaka,655 599 1627,Neurology,46,28,7728.98
PT001167,Liam Ali,606 697 6539,Oncology,44,38,22448.75
PT001168,Aisha Nguyen,968 744 1498,Oncology,30,14,1211.29
PT001169,Wei Chen,387 257 6628,Oncology,72,9,2219.93
PT001170,Liam Brown,363 361 1170,Oncology,80,32,12675.74
PT001171,Mei Kowalski,979 145 3029,Neurology,55,4,25275.84
PT001172,Fatima Brown,371 263 8338,Oncology,32,14,4383.07
PT001173,Hannah Smith,544 743 6902,Neurology,29,14,8403.5
PT001174,Aisha Okafor,571 865 2757,Cardiology,96,17,12180.49
PT001175,Noah Patel,656 201 2294,Orthopedics,54,22,8501.85
PT001176,James Ali,978 799 2758,Cardiology,76,21,3264.55
PT001177,Fatima Garcia,315 919 4227,Orthopedics,40,34,2500.2
PT001178,James Ahmed,251 887 3450,Oncology,21,3,3651.04
PT001179,Sofia Garcia,130 905 3112,ER,22,27,4160.02
PT001180,Noah Ali,224 154 6799,Cardiology,93,10,3823.34
PT001181,Aisha Patel,716 188 6150,Neurology,6,9,3432.01
PT001182,Ivan Smith,865 179 4823,Pediatrics,91,11,4464.99
PT001183,Mei Kowalski,698 353 2086,Neurology,11,16,2228.72
PT001184,Olu Khan,934 603 5259,Pediatrics,12,36,4812.19
PT001185,Yuki Chen,512 657 2055,Orthopedics,55,34,2527.19
PT001186,Olu Smith,920 575 5916,Orthopedics,30,14,4199.21
PT001187,Mohammed Smith,764 110 2701,Neurology,93,22,6864.08
PT001188,Hannah Chen,755 829 8715,Cardiology,26,7,7301.37
PT001189,Mary Garcia,888 476 3987,Cardiology,8,39,3359.3
PT001190,Olu Rossi,631 433 9409,Neurology,35,28,11083.56
PT001191,Mei Kowalski,788 951 8223,Neurology,13,11,635.22
PT001192,Priya Kowalski,320 171 1850,ER,71,36,2141.62
PT001193,Wei Garcia,154 335 6468,Neurology,33,9,6866.53
PT001194,Mary Brown,596 298 4105,ER,4,8,169.1
PT001195,Sofia Okafor,975 294 2085,ER,97,36,5696.61
PT001196,Carlos Silva,558 149 2397,Oncology,61,24,16021.56
PT001197,Fatima Ali,828 259 1414,Cardiology,9,15,3852.7
PT001198,Yuki Smith,288 752 3923,ER,37,16,2331.98
PT001199,Priya Nguyen,438 198 8972,ER,82,0,1904.39
